id,user_id,session_id,ip_address,city,state,browser,traffic_source,uri,event_type
1854484,65079,03cd3cad-99e8-4cce-a3ca-e7498bf730de,112.40.194.0,Tianjin,Liaoning,Firefox,Organic,/cancel,cancel
1822041,48474,54d4fa70-4baa-4b3f-a5b2-3c5acdec6781,215.107.45.172,Tianjin,Shanghai,Chrome,Email,/cancel,cancel
1481573,73714,ffbed0dc-8f35-47b4-a229-738f9d9494fd,51.228.47.204,Quanzhou,Shanghai,Chrome,YouTube,/cancel,cancel
1794691,14102,919f1d10-1e20-471b-930f-46b9c350108b,199.227.71.243,Köln,Nordrhein-Westfalen,Other,Email,/cancel,cancel
1745700,66523,852f4959-34df-49cc-a5ab-219565bb15b8,137.98.162.51,São Luís,Maranhão,Chrome Mobile,Adwords,/cancel,cancel
2137524,81630,c20e5cb1-f7e7-45d5-af35-3b018cc8c9cf,136.221.90.173,Concórdia do Pará,Pará,Chrome Mobile,Email,/cancel,cancel
1935720,62631,432fb2cc-9891-4071-a361-a7d6c1429f86,115.247.167.136,,Pará,Firefox Mobile,Adwords,/cancel,cancel
1065038,27782,b78152e8-15df-473b-80e3-6de8c9b65146,52.72.42.179,Mairiporã,São Paulo,Chrome,Facebook,/cart,cart
870743,28796,5f4f29ec-7aeb-4020-b5c3-06265b410661,36.6.247.40,Caieiras,São Paulo,IE,Email,/cart,cart
185097,28516,8d6122cf-ba50-4e6d-a367-4d01a32abde5,118.210.90.213,Cajamar,São Paulo,IE,Email,/cart,cart
795398,3577,c9b6a883-2a09-4ccb-9ed3-b659dc4e17f0,207.16.179.216,Huludao,Beijing,Chrome Mobile,Email,/cart,cart
426348,20946,d4212049-164a-4d9b-9f52-7769cff8eb0a,50.136.137.166,Chaoyang,Beijing,Firefox,Adwords,/cart,cart
654438,39582,8a91df27-0481-46fd-8b9b-6f249a8d3bcc,162.32.144.176,Wenzhou,Beijing,Chrome,YouTube,/cart,cart
869123,21651,ade33ae9-72a2-40c8-b9c9-c6053100c212,203.42.124.177,New York,New York,Chrome Mobile,Organic,/cart,cart
239679,86653,3c82c565-91dc-4fa0-b901-91b8c11b2975,144.178.157.62,Tokyo,Tokyo,Firefox Mobile,YouTube,/cart,cart
976769,9056,2dbd30ea-fc01-42fb-bb86-7f9a2c970911,55.78.103.110,New York,New York,IE Mobile,YouTube,/cart,cart
1047933,56019,d8067aa9-dd28-46c4-8e12-bfa693f5cb87,210.174.147.126,Putian,Liaoning,Firefox,Email,/cart,cart
865930,66952,ee0de059-c626-4db5-99d3-25a542dff8aa,203.93.194.48,Chipiona,Andalucía,Safari,YouTube,/cart,cart
956291,52902,d1a0168b-bea2-4165-b73c-20c66e0adf53,219.60.17.51,East Patchogue,New York,Safari,Adwords,/cart,cart
969443,27115,56092877-a24b-427b-aa2a-0d9a7f9d8a04,87.195.73.126,Seoul,Seoul,Chrome Mobile,Adwords,/cart,cart
969404,48781,0153494b-4447-4a7e-b9c1-b7f52537af3d,26.26.22.74,Seoul,Seoul,Firefox,Adwords,/cart,cart
969395,30280,0153494b-4447-4a7e-b9c1-b7f52537af3d,26.26.22.74,Seoul,Seoul,Firefox Mobile,Adwords,/cart,cart
953875,62380,484f2b0f-0faa-4813-99f3-8c6adbe2ebb4,74.158.148.202,Dongguan,Liaoning,Chrome Mobile,Email,/cart,cart
953872,8321,484f2b0f-0faa-4813-99f3-8c6adbe2ebb4,74.158.148.202,Dongguan,Liaoning,Chrome,Email,/cart,cart
1227228,33631,0f0f4582-7c9f-4353-ab29-f695c3372fa9,18.33.8.158,Berlin,Berlin,Chrome,Email,/cart,cart
1227231,57397,0f0f4582-7c9f-4353-ab29-f695c3372fa9,18.33.8.158,Berlin,Berlin,Chrome,Email,/cart,cart
730769,18950,c6312a4c-7ee9-4107-91b5-eaf5bda9ae6e,31.80.87.204,Marseille,Provence-Alpes-Côte d'Azur,Safari Mobile,Email,/cart,cart
628580,54830,a1c9918f-09ae-4e63-b9b2-f335cb6ed513,195.164.156.31,Seoul,Seoul,Firefox,YouTube,/cart,cart
19144,82344,59c60ef0-2dee-40bf-8dbe-7396a88f8c3a,21.121.227.38,Shenzhen,Jilin,Chrome,Adwords,/cart,cart
496158,12729,5b10cb77-9fd5-47b0-8dd5-59a4ea711c5a,26.79.113.166,Seoul,Seoul,Chrome Mobile,Facebook,/cart,cart
743872,53656,094679bc-be67-4165-8abd-6afd7f9c6239,189.84.63.151,Seoul,Seoul,Chrome,Email,/cart,cart
747809,51142,b17d04d1-3afb-4900-8be0-b9a8313edb8d,81.191.90.67,Jinhua,Heilongjiang,Firefox Mobile,Adwords,/cart,cart
1613231,45421,9056a8f8-e41a-4978-8f44-52248d6db16d,158.108.8.144,Mirassol,São Paulo,Chrome Mobile,Organic,/cart,cart
292158,24544,f344fac7-8489-460e-841d-56c1dab2efc0,169.245.47.142,Chengdu,Heilongjiang,Chrome,Email,/cart,cart
292194,20416,a08c5c1d-7adc-4894-9c15-51694e1e1820,174.189.168.166,Chengdu,Heilongjiang,Chrome,Adwords,/cart,cart
292184,72838,2abebd1e-063c-497b-9c8a-e76e35c55a70,202.188.157.191,Chengdu,Heilongjiang,Chrome,Email,/cart,cart
932201,42200,3a9686db-c82f-4f22-870a-e19970237e3b,36.187.118.12,Seoul,Seoul,Chrome,Email,/cart,cart
1215019,6192,bc3d6a04-91cd-4a6b-a515-6a2ffbcbddee,172.179.38.29,Tokyo,Tokyo,Chrome Mobile,YouTube,/cart,cart
1215026,57745,62aad2c5-019a-4ff3-9241-e363e7231037,193.129.253.218,Tokyo,Tokyo,Chrome,Adwords,/cart,cart
615561,96250,6b64f076-0dce-48a5-a72a-325fa6139358,209.80.179.215,Itapeva,São Paulo,Firefox,Facebook,/cart,cart
615548,5796,3a88b2e4-843f-4e3c-b702-d14fc5041be8,39.56.210.5,Itapeva,São Paulo,IE Mobile,Email,/cart,cart
615545,13920,3a88b2e4-843f-4e3c-b702-d14fc5041be8,39.56.210.5,Itapeva,São Paulo,IE,Email,/cart,cart
365942,84267,de241320-3cfa-4217-b20b-fd1bbd35e6a2,93.53.202.207,Lowell,Massachusetts,Chrome Mobile,Email,/cart,cart
976012,93791,65237661-5ad9-4e67-ac74-c034f6c05a97,19.5.38.101,Xiaoping City,Tokyo,Chrome,Email,/cart,cart
1075817,73213,d6a932ca-332c-4ae8-ae91-f9a6c5dc77a4,189.75.131.2,Jiaxing,Shanghai,Chrome Mobile,Facebook,/cart,cart
108526,80572,50145ed4-d0ba-4acc-b522-5ff1fd6db7bf,125.118.49.233,Wuhan,Shanghai,Chrome,Adwords,/cart,cart
456456,46896,b7490f6d-63ba-438e-b514-976d3343385f,187.107.68.90,Beijing,Shanghai,Chrome,Adwords,/cart,cart
375211,54767,3d909c72-9d1e-4c66-9028-542beda2b0d9,39.255.175.206,Hefei,Shanghai,Other,Facebook,/cart,cart
1230270,14288,ae0f5175-d09f-4815-b041-5ec33b476384,90.104.161.150,Beijing,Shanghai,Chrome,Email,/cart,cart
751980,34302,ee0d2590-954e-4b99-af01-d61150159556,77.250.80.0,Yichun,Jiangsu,Chrome Mobile,Adwords,/cart,cart
365271,42127,d4f9f2d4-44ed-41e6-a3c8-e7c099811844,26.218.155.193,Rio de Janeiro,Rio de Janeiro,Chrome,Organic,/cart,cart
505382,85299,4132641d-54c0-496c-b338-7cdeb2dfd1e4,160.128.236.21,Marey-sur-Tille,Bourgogne-Franche-Comté,Chrome,Organic,/cart,cart
979149,65543,88e1250d-b780-4c33-99a8-da550aa8de10,36.2.88.9,Wonju City,Gangwon-do,Chrome,Adwords,/cart,cart
551639,19710,d3e37944-9bc0-4137-abeb-fa3cb40d0f3f,45.0.144.223,McLean,Virginia,Other,YouTube,/cart,cart
178999,30946,8aa149b9-aa71-43b8-b71f-6bc70a29d76d,31.177.75.98,Newcastle,New South Wales,Chrome,YouTube,/cart,cart
986281,28290,3fc8a714-efd9-4726-9b50-61f299eba287,95.192.220.112,Huainan,Anhui,Chrome,Facebook,/cart,cart
986288,2088,52003311-8d14-4922-9575-c25ec01596c5,26.229.239.35,Huainan,Anhui,Chrome Mobile,Email,/cart,cart
463455,97904,5fa4dbcd-986e-44b2-a734-4b9ce8ba43e3,3.241.37.36,Chengdu,Anhui,Chrome Mobile,Facebook,/cart,cart
1028455,1848,ff61081d-6789-40b6-b927-7997dd40d3e2,39.224.129.57,Coffs Harbour,New South Wales,Chrome Mobile,Email,/cart,cart
1119283,54691,bb70294f-6ec3-4bc6-a571-b0ec7cc6c16d,8.205.50.62,Duque de Caxias,Rio de Janeiro,Chrome,Adwords,/cart,cart
1119290,32491,71e97cd0-bfe1-43ae-8b0d-7d600a6c1642,44.73.214.29,Duque de Caxias,Rio de Janeiro,Firefox,Email,/cart,cart
1043468,34844,b2fe00ef-cdb0-4bee-a298-c6594ce112e9,20.118.46.248,Kunming,Shandong,Chrome Mobile,Email,/cart,cart
307932,83472,17d6bac7-8e40-4bf6-abeb-e2bc85662244,110.255.235.136,Linyi,Shandong,IE,Adwords,/cart,cart
1151940,51932,c24254fb-2695-4f6e-824a-f404b76744c6,204.102.0.162,Hillsborough,North Carolina,Firefox,Email,/cart,cart
368488,8430,6e198da4-0346-4d1c-9102-b87b3f54bf66,156.36.6.220,Apex,North Carolina,Firefox Mobile,Organic,/cart,cart
853159,19183,47a7fa1f-da71-416e-afca-1903f4e58608,152.56.165.123,Gastonia,North Carolina,Chrome,Email,/cart,cart
658064,94001,37ba03bd-bfdc-4327-90a7-8a0437a2cbfc,57.150.234.23,Fairview,North Carolina,Chrome Mobile,Email,/cart,cart
118709,91223,a2cd1c65-4c86-47ab-a071-4956584c4498,66.229.239.216,West Warwick,Rhode Island,Chrome,YouTube,/cart,cart
663256,26801,2538d2ae-0997-4a05-a86e-659aadaff440,189.196.240.79,Fuenlabrada,Comunidad de Madrid,Chrome Mobile,Email,/cart,cart
663239,63977,88e056dd-fb39-4724-a440-bb993dc764f2,215.165.8.187,Fuenlabrada,Comunidad de Madrid,Chrome,Adwords,/cart,cart
275405,52007,891b1b30-6e6e-4fea-a806-cc2e4799acce,96.162.166.145,Saquarema,Rio de Janeiro,Chrome,YouTube,/cart,cart
275437,23500,60176015-aa57-4d11-ae7d-8b2e6a6760c4,34.147.227.45,Saquarema,Rio de Janeiro,Safari Mobile,YouTube,/cart,cart
243087,42028,e16571fb-e192-49e0-b895-38ee313c101c,177.126.147.178,Vila Velha,Espírito Santo,Chrome Mobile,Facebook,/cart,cart
243104,49530,dd4e5959-fccc-4c02-95e8-50a836003e73,196.110.41.54,Vila Velha,Espírito Santo,Safari,Email,/cart,cart
714290,38637,61d8803d-3510-4d64-8616-7ebbf3b71ed9,87.167.30.106,Suqian,Shanxi,Chrome,Email,/cart,cart
714293,34891,61d8803d-3510-4d64-8616-7ebbf3b71ed9,87.167.30.106,Suqian,Shanxi,Chrome,Email,/cart,cart
244564,85165,69b3f9cf-32e7-487c-91c4-502a9dc05ebf,14.227.157.132,Beijing,Tianjin,Chrome,Email,/cart,cart
1300343,73446,dc74ccc2-67ba-4002-8667-ce25d080719a,4.202.234.166,Loganville,Georgia,Chrome Mobile,Adwords,/cart,cart
74736,50395,caca6b00-17c9-4562-8b82-451251c262f3,126.163.154.240,Atlanta,Georgia,Safari,Email,/cart,cart
74723,62481,bb4b1bfd-daab-4995-8df8-b0ea919b279e,68.240.141.227,Atlanta,Georgia,Chrome Mobile,Organic,/cart,cart
74756,97559,3d384cc8-f217-4f06-812a-f2df05d00678,222.229.87.159,Atlanta,Georgia,Chrome,Facebook,/cart,cart
74769,42202,fa566fa3-4c6b-414f-b0c5-28e43f23160f,61.239.142.10,Atlanta,Georgia,Chrome,Email,/cart,cart
46489,92575,468d1fb4-059d-48de-a038-8629deaa02f7,182.238.108.134,Melbourne,Victoria,Chrome,Facebook,/cart,cart
46493,3577,ed7b0bea-b3f9-4ca1-a7b1-ad89c751c115,209.242.159.63,Melbourne,Victoria,Firefox Mobile,Email,/cart,cart
46496,3577,ed7b0bea-b3f9-4ca1-a7b1-ad89c751c115,209.242.159.63,Melbourne,Victoria,Firefox,Email,/cart,cart
471142,35933,14c63984-9eba-41ec-9f9f-7c7cf91e5685,149.6.198.79,Beijing,Zhejiang,Chrome,Adwords,/cart,cart
80380,6192,d3cbf149-6faf-4b5a-863f-dc4879d4ffc1,220.241.194.148,Muret,Occitanie,Firefox,Adwords,/cart,cart
690321,52902,c97d6011-2d92-4f91-aeef-d774f5780b69,147.178.77.138,Shanghai,Zhejiang,IE,Email,/cart,cart
1042619,79914,cd7136ad-5c8e-4223-a618-9f9b7dc04a03,2.28.215.46,Wright,Florida,Other,Facebook,/cart,cart
549964,42028,afa49a62-f318-40bf-9a0c-a69a5f000027,168.253.190.193,Sebastian,Florida,Safari,Adwords,/cart,cart
182412,13920,7c29fbe6-1526-4282-9982-17890960716c,181.18.81.186,Hialeah,Florida,Chrome Mobile,Email,/cart,cart
163584,12399,149d1fd5-7863-490c-8d95-157672931da1,104.69.49.229,Beijing,Jiangxi,Safari,Email,/cart,cart
163594,12399,6a99f556-eda8-4f83-b698-7a8a1560238b,6.206.207.236,Beijing,Jiangxi,Chrome,YouTube,/cart,cart
457052,34891,c7bc7b1d-3aa7-4350-b89a-db0344f5057d,135.233.195.85,Miami,Florida,Chrome,Adwords,/cart,cart
457059,34891,9b589dbf-a943-45dc-8449-18768c4a7551,34.146.252.41,Miami,Florida,Firefox,Email,/cart,cart
457069,34891,d0cd57b2-b158-4cb9-b96c-8a7eb1cf7a26,139.245.50.154,Miami,Florida,Firefox,Email,/cart,cart
1133255,86659,ff91b910-1845-42bf-9677-5c97212c89d7,83.120.49.20,Bègles,Nouvelle-Aquitaine,Firefox,Adwords,/cart,cart
377364,28681,1f1f9389-aa63-4813-80e0-ba5d8b39e6b8,48.164.81.249,Miami,Florida,Other,Email,/cart,cart
377367,28681,1f1f9389-aa63-4813-80e0-ba5d8b39e6b8,48.164.81.249,Miami,Florida,Other Mobile,Email,/cart,cart
11132,808,be140262-25d0-4c93-8214-4bfb1f977874,31.47.186.237,Palmetto Bay,Florida,Chrome Mobile,Adwords,/cart,cart
274160,20946,603b8c87-e118-43ec-965b-27e2becac5dd,121.198.238.252,Chengdu,Jiangxi,Chrome Mobile,Email,/cart,cart
1265594,96660,26dc39f0-e7f1-4f4f-9476-d608d162d283,3.145.126.209,Saitama City,Saitama,Chrome,Facebook,/cart,cart
501936,38359,eda754d0-804a-4d55-97c2-714971d109a7,173.165.155.175,Town 'n' Country,Florida,Chrome,Adwords,/cart,cart
501930,38359,eda754d0-804a-4d55-97c2-714971d109a7,173.165.155.175,Town 'n' Country,Florida,Chrome,Adwords,/cart,cart
472070,36009,13a6160c-4194-45b1-85a2-0262c8a8b790,210.88.119.100,West Samoset,Florida,IE,Organic,/cart,cart
926507,71012,37827dc1-0f2f-40f3-ba71-987a610643d3,130.204.244.25,Zhanjiang,Jiangxi,Safari Mobile,Adwords,/cart,cart
926530,71012,ccfac562-e504-41c7-8a0a-ccb5397f9936,182.77.39.41,Zhanjiang,Jiangxi,Chrome,Email,/cart,cart
1816687,0,2961e3a5-178c-4c6e-8477-c96096bed9b1,213.86.107.129,Gisborne,Victoria,Chrome,Email,/cart,cart
315741,24076,87f70c1a-ee5f-4950-98a4-702e4f4e0105,86.247.23.125,Suzhou,Fujian,Chrome Mobile,Adwords,/cart,cart
885347,67982,6225bb4c-1611-4d1f-ab13-e1449bf92870,209.243.62.193,Le Pertre,Bretagne,IE Mobile,Email,/cart,cart
678834,51986,c9ed04c5-c110-4648-9975-fe25441d48bd,69.27.236.241,Xi'an,Fujian,Safari Mobile,Adwords,/cart,cart
283332,21645,769f4938-593a-4960-9856-e256514533e1,175.223.138.74,Nanjing,Fujian,Safari Mobile,YouTube,/cart,cart
794198,61053,ae7247b5-2b4e-46c0-bdd7-698caa3549d9,106.142.23.34,Três Corações,Minas Gerais,Chrome,Adwords,/cart,cart
698087,53471,5d0c76c2-5e93-4d36-984e-52b5dceabe6e,203.73.155.71,Machado,Minas Gerais,Firefox,Facebook,/cart,cart
1277040,97559,a344dc05-a39c-4d03-b5bb-e6534c8f644d,58.142.110.196,Toolangi,Victoria,Safari,Email,/cart,cart
7784,550,1ea89066-875c-443d-9ec8-f1a4916bc0eb,135.172.50.30,Columbia,Tennessee,Other,Email,/cart,cart
431342,32874,2b6ce90f-8ebc-4b85-a1a7-b058864041a6,124.81.56.150,Tianjin,Chongqing,Safari,Email,/cart,cart
431346,32874,381b79bb-f973-4e17-b6df-dd4a9da4efb8,21.204.66.233,Tianjin,Chongqing,Chrome Mobile,YouTube,/cart,cart
329337,25045,fd0d6f27-f49e-4945-a3dd-cb613a286040,76.253.248.229,Putian,Chongqing,Firefox,Email,/cart,cart
200538,15294,33bc2b27-329b-4db4-837c-2bfcd974a4df,62.229.188.50,Salvador,Bahia,Other,Facebook,/cart,cart
1067523,81794,3b06effa-4b82-4aba-8f1b-6c9315c97b8a,114.42.204.142,Salvador,Bahia,Firefox,Adwords,/cart,cart
536853,40979,dfc79376-9d43-412c-bf54-0cc149382e9a,125.211.52.137,Linyi,Hunan,Firefox,YouTube,/cart,cart
536876,40979,3b82d3d7-ba29-4a73-a726-182a7861bf67,193.43.206.248,Linyi,Hunan,Chrome,Email,/cart,cart
536879,40979,3b82d3d7-ba29-4a73-a726-182a7861bf67,193.43.206.248,Linyi,Hunan,Chrome Mobile,Email,/cart,cart
109822,8430,09d525f0-4063-403e-98bb-3161475bf95a,156.203.214.205,Shan Tou,Hunan,Firefox Mobile,Email,/cart,cart
151230,11481,ffdb57bc-b2d3-4866-9965-c2c57e974c44,204.225.143.26,Independence,Kentucky,Firefox,Adwords,/cart,cart
151226,11481,4d586954-8907-4db6-8b0c-5a35d1db907b,67.217.64.68,Independence,Kentucky,Chrome,Email,/cart,cart
1292925,98777,121eecde-5aa8-4928-9974-57a1b5fbca94,23.188.35.192,Goyang City,Gyeonggi-do,Chrome,Adwords,/cart,cart
162261,12308,bef126ec-9593-46cd-94b2-10d28bdf6057,99.68.210.192,Neuss,Nordrhein-Westfalen,Chrome Mobile,YouTube,/cart,cart
609533,46689,6065f6b2-d1ea-47c2-a361-2514d6d76b8e,148.86.138.75,Siheung City,Gyeonggi-do,Firefox,YouTube,/cart,cart
1838393,0,f0936d9f-13e6-4d60-9b10-447a7e74e344,211.112.101.133,Yunfu,Hubei,Chrome,Facebook,/cart,cart
780754,60021,3a663172-ae28-4e44-a1be-fa24c9f398b5,160.192.51.179,Dongguan,Hubei,Chrome Mobile,Email,/cart,cart
819380,63028,1590f596-ce55-4528-9e63-6b212c8f0cb0,163.215.76.12,Osan City,Gyeonggi-do,Chrome Mobile,Email,/cart,cart
819377,63028,1590f596-ce55-4528-9e63-6b212c8f0cb0,163.215.76.12,Osan City,Gyeonggi-do,Chrome,Email,/cart,cart
1483672,0,f13029d5-43d0-491f-9f8a-871648767b43,55.92.118.181,Yongin City,Gyeonggi-do,Safari,Email,/cart,cart
71738,5514,23d88ef4-0d39-4110-87b0-c24b7b58be0a,204.125.77.242,Shanghai,Henan,Safari,Adwords,/cart,cart
254994,19491,a4e59041-71e8-46ee-a0c3-b0dbb6f4f9e0,174.111.103.199,Porto Seguro,Bahia,Safari,Facebook,/cart,cart
218809,16661,b5ce44ce-9daf-4312-83fb-f4c10b16f6f9,203.189.140.171,Valencia,Comunidad Valenciana,Chrome,Email,/cart,cart
1070370,81980,3a010dbb-7dc7-4376-85f2-a02a0f24d968,130.83.168.205,Indianapolis,Indiana,Chrome,Email,/cart,cart
384404,29253,c1eaea20-d71f-42f7-824f-4c958f4dc76d,83.91.246.41,Tönisvorst,Nordrhein-Westfalen,Firefox,Email,/cart,cart
554355,42413,77205f31-6ce4-4e6b-b382-0a7865e8cc6e,123.77.78.214,Grand Rapids,Michigan,Safari,Email,/cart,cart
83251,6404,824f403d-f492-4547-a8c8-743ff8d51f0b,184.105.112.176,Malmedy,Wallonia,Other Mobile,Email,/cart,cart
1033305,79208,3663b145-442a-4087-88e5-a6353f501a4b,214.26.86.127,Gwangju,Gwangju,Chrome,Email,/cart,cart
730842,56023,1a199893-ab4d-47d0-b0da-fd7c1aa99c62,54.77.27.167,Fosses-la-Ville,Wallonia,IE,YouTube,/cart,cart
682050,52245,e2f403fe-d66b-4c2e-a71d-eae94d3db27f,45.205.242.39,Adelaide,South Australia,IE Mobile,YouTube,/cart,cart
1100769,84267,28e39e68-778d-4e08-8e74-ce2a1608cb3b,107.248.221.84,Recife,Pernambuco,Chrome Mobile,Email,/cart,cart
1260230,96250,067f5ab0-0cad-4e70-8e46-f9461213882e,107.98.23.153,Foshan,Guangdong,Firefox,Adwords,/cart,cart
30817,2327,62335026-2111-469d-9294-9db374720a0c,92.252.146.254,Shaoyang,Guangdong,Safari,Email,/cart,cart
672762,51508,3e2313d1-1d4d-4a9d-90f8-9a7c983f7b1d,187.39.66.41,Guangzhou,Guangdong,Chrome Mobile,Adwords,/cart,cart
409560,31218,48882091-85eb-431a-8a8f-ecb8e3546b7f,130.125.191.55,Yinchuan,Guangdong,Chrome Mobile,Adwords,/cart,cart
1294178,98890,df72e72a-e643-4866-a546-e06c7ccbf789,57.120.167.38,Yueyang,Guangdong,Chrome,Facebook,/cart,cart
267604,20416,b9b994ef-52b0-457a-94db-2d198c1b7aa0,176.135.12.25,Nanjing,Guangdong,Other Mobile,Adwords,/cart,cart
56667,4343,3b576e38-5b14-4461-b02a-37985e999cad,90.162.140.113,Beijing,Guangdong,Firefox Mobile,Adwords,/cart,cart
1065190,81630,b9b0c978-1c49-4dad-9f8b-3a8bc294769a,218.61.248.173,Shan Tou,Guangdong,Safari,Email,/cart,cart
1065207,81630,f4bf5449-2068-472f-afd7-6158bcf95152,76.140.252.193,Shan Tou,Guangdong,Chrome,Email,/cart,cart
1065203,81630,f9113831-e2da-490f-9b6b-c515c6531f04,149.20.66.179,Shan Tou,Guangdong,Safari Mobile,Adwords,/cart,cart
277846,21227,c97fdc6f-f7cd-4a97-b5fe-b8637658449f,57.4.132.173,Haikou,Guangdong,Chrome,Email,/cart,cart
959564,73446,01bf1c65-229c-4a89-86ac-541916a98bf9,21.182.35.177,Kunming,Guangdong,Firefox,Facebook,/cart,cart
959583,73446,8c49cd5d-4aa7-437d-abd4-9d88bf00dcec,9.144.107.55,Kunming,Guangdong,Safari Mobile,Adwords,/cart,cart
227795,17352,49223a5b-85d1-4029-97a4-9508e76d90dd,124.247.137.102,Beijing,Guangdong,Chrome,Email,/cart,cart
227778,17352,fc03754c-d1d7-4349-a3dc-3044759f0614,170.172.113.220,Beijing,Guangdong,Firefox,Adwords,/cart,cart
310378,23680,dc274703-3913-4beb-ac3c-93f952e773a9,34.19.85.92,Tianjin,Guangdong,Chrome,Email,/cart,cart
453388,34596,f83cf36f-82e2-4cba-9906-785588d46387,183.79.152.212,Burlington,Vermont,Chrome,Adwords,/cart,cart
275847,21050,e28ebfde-617a-4759-9fc0-6b486a4beaa6,122.219.29.163,Shenzhen,Guizhou,Chrome,Facebook,/cart,cart
55632,4262,d39f694c-f275-4061-802f-98330ab91ea9,151.197.145.169,Shijiazhuang,Guizhou,Chrome Mobile,Email,/cart,cart
357162,27115,2955a178-6676-48ec-aa42-56a18c3678ad,148.25.195.69,Lino Lakes,Minnesota,Other,Email,/cart,cart
254200,19435,23e6fb03-ba41-42aa-9745-eecd5ded8b2a,214.126.100.61,Lakeville,Minnesota,Safari,Adwords,/cart,cart
365537,27750,69c7ba2c-0c82-40c5-9591-f39f085e5079,190.130.236.19,Suzhou,Hebei,Chrome Mobile,Adwords,/cart,cart
365511,27750,0b8c4bc4-812d-4b1f-9d43-25e872908e1d,215.135.41.18,Suzhou,Hebei,Chrome Mobile,Email,/cart,cart
710947,54454,2c5c4c0f-666a-496f-908d-5e2bf87371df,188.185.123.99,Eden Prairie,Minnesota,Chrome,Email,/cart,cart
1186174,90646,3699cec7-66f8-465d-948c-0dcd8d8a92f5,28.130.60.191,Mayen,Rheinland-Pfalz,Chrome,Facebook,/cart,cart
1027472,78755,5c594b8f-31a6-4631-8c57-22ebf272a1b7,26.236.202.40,Dongguan,Hainan,Chrome Mobile,Adwords,/cart,cart
916208,70297,447a839b-4137-4f73-b355-7f6fec1c2fe4,180.201.135.132,Suzhou,Hainan,Chrome,Email,/cart,cart
765149,58762,71c0ebd6-d6e7-4fb5-8128-26a52f1b0629,15.231.163.22,Daqing,Hebei,Firefox Mobile,Email,/cart,cart
529239,40462,7dbeef45-d731-4994-8761-a67f9332ae28,66.10.62.248,São Gonçalo do Amarante,Rio Grande do Norte,Firefox,Email,/cart,cart
551617,42200,8837875a-ad1e-4610-b6bd-10747cf93a2d,103.22.104.82,Apodi,Rio Grande do Norte,Firefox Mobile,Email,/cart,cart
292342,22367,7b9368b7-08bf-4b7c-9d36-d7a87b1d2467,155.205.169.217,Fortaleza,Ceará,Safari,Facebook,/cart,cart
375181,28513,4aae86ec-9c67-4eea-9bef-1a784fac47df,116.122.149.18,Highland Park,Illinois,Safari,Email,/cart,cart
812139,62442,09f4590b-606e-4fc1-a0cd-988427e5543e,39.45.89.114,Coudun,Hauts-de-France,Firefox,Email,/cart,cart
367250,27911,d427f174-7659-441e-bf3f-88fcd8a5a06d,90.35.250.6,Perth,Western Australia,Chrome Mobile,Email,/cart,cart
367243,27911,ed9e3eb2-04ab-4a89-ac0d-eb691e5f1ca8,167.40.102.89,Perth,Western Australia,Chrome,Adwords,/cart,cart
2141163,0,46b93c71-26d0-4508-b85a-d37a49aca808,28.42.211.251,Taiyuan,Sichuan,Chrome Mobile,Email,/cart,cart
338020,25677,554d7cbe-108c-4270-a7fb-2ca8da3784de,216.216.91.154,Busan,Busan,Safari,Facebook,/cart,cart
360505,27355,fc9fb458-1d6b-4616-83d6-0bac40378617,213.16.118.1,Gimhae City,Gyeongsangnam-do,Chrome,Email,/cart,cart
457523,34925,b6c4fd23-e999-49b7-ad23-348c4d015ccc,17.137.217.119,São Gonçalo do Amarante,Ceará,Firefox Mobile,Email,/cart,cart
457509,34925,b3f7d33f-5ba8-4dd8-96a6-18e7384f2d63,83.191.65.95,São Gonçalo do Amarante,Ceará,Chrome,Facebook,/cart,cart
157391,11947,88129489-f77e-4de8-b17e-866c436c83d5,31.232.86.162,Guangzhou,Sichuan,Chrome,Email,/cart,cart
157417,11947,6420abb7-e2d5-44c1-b40d-c323b6edb37c,79.115.191.10,Guangzhou,Sichuan,Chrome,Email,/cart,cart
157410,11947,7ab972c0-e600-4616-87c0-9430d9034366,23.213.225.69,Guangzhou,Sichuan,Chrome,Adwords,/cart,cart
682000,52239,42c8e6c6-1c36-49ac-9aa3-94a9527ad8de,71.23.92.3,Offenbach am Main,Hessen,Firefox Mobile,Email,/cart,cart
681997,52239,42c8e6c6-1c36-49ac-9aa3-94a9527ad8de,71.23.92.3,Offenbach am Main,Hessen,Firefox Mobile,Email,/cart,cart
447823,34173,3c7ac4b1-3baa-4d22-b92a-0977cc16f13d,15.89.80.185,,Ceará,Chrome,Adwords,/cart,cart
1111066,85067,b548d228-5be7-459d-8285-aae7cc177cdb,189.37.244.142,Darmstadt,Hessen,Chrome,Adwords,/cart,cart
500704,38275,bb43af8d-cca8-4452-914d-5d4b2b2f5d14,90.28.194.63,Aschersleben,Sachsen-Anhalt,Firefox,Email,/cart,cart
500709,38275,a2c957ac-47e2-488e-bd44-dd0213240d86,75.73.28.118,Aschersleben,Sachsen-Anhalt,Other,Adwords,/cart,cart
405198,30885,bce000be-b156-467b-aba9-f504cced8709,118.152.113.132,Mouguerre,Nouvelle-Aquitaine,Chrome,Facebook,/cart,cart
102831,7919,8e883147-b2c7-42fd-81c8-ef8d8ab061f4,20.174.143.133,Linyi,Yunnan,Firefox,Adwords,/cart,cart
102838,7919,76efe976-4d02-4d14-977c-49bfb6529f03,82.49.72.2,Linyi,Yunnan,Chrome,Adwords,/cart,cart
812692,62481,898fcb01-94ca-485e-8dda-d8fbad297e92,143.88.173.20,Daqing,Yunnan,Safari,YouTube,/cart,cart
283443,21651,9c5b779b-764d-4669-8acd-a08af44f8b0d,187.181.105.200,Shanghai,Yunnan,IE,Email,/cart,cart
283460,21651,3b2d8bde-d44d-48ef-895a-e7353e7e6a9b,113.191.224.116,Shanghai,Yunnan,Chrome,Email,/cart,cart
1239496,94693,8081137a-5a31-40f7-8b1f-754f1352a67c,148.162.237.161,São Luís,Maranhão,Firefox Mobile,Adwords,/cart,cart
1239480,94693,7abaef69-6982-4e16-8019-42b2e68a43de,175.138.125.27,São Luís,Maranhão,Chrome Mobile,Email,/cart,cart
587898,45053,26b69987-be7e-482d-a65d-871f0710f792,56.106.196.37,Viana,Maranhão,Firefox,Email,/cart,cart
491193,37523,f931001c-8e9f-46f8-ba2a-262129055b22,218.206.56.71,West Plains,Missouri,Firefox,Facebook,/cart,cart
261867,19999,66538259-79ea-49fc-b793-5e20d76f0e35,211.235.139.87,Handan,Hebei,Firefox Mobile,Facebook,/cart,cart
550971,42127,77e09ed0-996a-4f4a-81c2-e49f411ff119,199.174.80.85,High-sand city,Hyogo,Chrome Mobile,Adwords,/cart,cart
186851,14246,1e35ea58-22ff-4a81-9e83-12e355c8f379,40.168.11.10,Żagań,Lubuskie,Other,YouTube,/cart,cart
880378,67596,05b09cdf-8c8c-49fd-a887-716aff58e5a5,44.102.140.84,Santarém,Pará,Chrome Mobile,Adwords,/cart,cart
1281231,97904,2ab67b1d-022c-4c51-aa1d-33461f27dadc,91.98.156.210,Ulsan Metropolitan City,Ulsan Metropolitan City,Safari Mobile,Email,/cart,cart
1281228,97904,2ab67b1d-022c-4c51-aa1d-33461f27dadc,91.98.156.210,Ulsan Metropolitan City,Ulsan Metropolitan City,Safari,Email,/cart,cart
321461,24518,7e90558d-3ead-4d72-a899-001b2e65a61a,193.30.149.205,,Pará,Chrome,YouTube,/cart,cart
1089876,83472,500211a1-3cdc-4f75-8363-64e1663f288a,113.147.223.64,Ulsan Metropolitan City,Ulsan Metropolitan City,Chrome,Email,/cart,cart
1211251,92575,a28d9516-f3ba-465c-9d04-e6693ff6261d,16.152.176.230,Macapá,Amapá,Chrome Mobile,Email,/cart,cart
846622,65079,f2b8f25f-d69b-46c8-959e-2cc9a493acc9,167.72.3.93,Sena Madureira,Acre,Other,Organic,/cart,cart
1113640,85265,946eb97a-7b9a-40c0-8570-39de74176348,223.199.145.117,Tarauacá,Acre,Chrome Mobile,Adwords,/cart,cart
951070,72838,97f5de59-f383-439a-916e-71e42c78736f,136.236.177.50,Palma,Islas Baleares,Chrome,Email,/cart,cart
951092,72838,95c576c1-d856-4f03-a63d-2a5c76cb54c8,106.109.196.57,Palma,Islas Baleares,Chrome,Organic,/cart,cart
272645,20830,c2487df3-fd9b-4aba-873e-9e64bc4ebade,66.149.48.20,Daegu Metropolitan City,Daegu Metropolitan City,Chrome,Adwords,/cart,cart
254252,19437,54e31dbb-41d8-4523-ae1d-81adfab66d92,158.208.126.142,Daegu Metropolitan City,Daegu Metropolitan City,Firefox,Email,/cart,cart
254245,19437,c176f294-b936-45d3-95d7-2ed77f048021,217.136.87.139,Daegu Metropolitan City,Daegu Metropolitan City,Chrome,Email,/cart,cart
254255,19437,54e31dbb-41d8-4523-ae1d-81adfab66d92,158.208.126.142,Daegu Metropolitan City,Daegu Metropolitan City,Firefox,Email,/cart,cart
756163,58044,10199973-dda5-4a66-a4ca-f1b6f7bb2b26,154.90.31.130,Stuttgart,Baden-Württemberg,Chrome Mobile,Adwords,/cart,cart
1115146,85376,654892fe-a8af-4982-b15b-3dadda38ec88,82.139.183.197,Parsippany-Troy Hills,New Jersey,Chrome,Email,/cart,cart
208878,15903,a6997138-08b2-4aa3-a940-c35227d52ee2,62.43.50.109,Stuttgart,Baden-Württemberg,Safari Mobile,YouTube,/cart,cart
440660,33631,d7802f52-4087-4923-83a6-835ac9b7c6af,122.20.244.160,Daegu Metropolitan City,Daegu Metropolitan City,Chrome Mobile,Email,/cart,cart
440685,33631,33cb8ee4-67f1-4169-9d33-0684fd46be4c,19.174.26.223,Daegu Metropolitan City,Daegu Metropolitan City,Chrome,Email,/cart,cart
646987,49530,a921e487-f5a7-498d-a320-aabcbd1f460e,89.202.43.128,Chengdu,Shaanxi,Chrome,Email,/cart,cart
729199,55893,d475cbd1-4530-4de0-939b-78a6539c3e8e,181.138.36.84,Zhangzhou,Shaanxi,Chrome,Email,/cart,cart
729203,55893,e631a0e5-42fd-4edb-829d-5e6f711eea54,170.155.181.121,Zhangzhou,Shaanxi,Chrome,Facebook,/cart,cart
908882,69789,9f8daff3-9784-48dc-9fe9-c6d83b03d09d,183.197.197.109,Sassenay,Bourgogne-Franche-Comté,Firefox,Adwords,/cart,cart
908862,69789,9016cf6c-0106-49bd-b5b4-e748a67f76ea,173.246.231.110,Sassenay,Bourgogne-Franche-Comté,Safari,Email,/cart,cart
2275340,0,9497ce78-f777-4fdf-9cf2-5da74eb1e65c,221.234.145.223,,Distrito Federal,Chrome,Facebook,/cart,cart
112807,8637,7a1a6595-5528-4450-966f-c169d267976e,62.154.236.147,Beijing,Hebei,Safari,Adwords,/cart,cart
112810,8637,7a1a6595-5528-4450-966f-c169d267976e,62.154.236.147,Beijing,Hebei,Safari Mobile,Adwords,/cart,cart
112804,8637,7a1a6595-5528-4450-966f-c169d267976e,62.154.236.147,Beijing,Hebei,Safari,Adwords,/cart,cart
633328,48474,75a9afae-8bbc-4dc9-9443-eca89da599dc,167.63.109.240,Launceston,Tasmania,Firefox Mobile,Adwords,/cart,cart
823150,63292,4a483d3a-7c1d-42de-9b49-a48f76e04cb6,52.55.204.144,Santo Antônio do Descoberto,Goiás,Chrome Mobile,Email,/cart,cart
823134,63292,de9ae459-b1e2-4c97-9850-05c1cc391f6c,53.53.186.246,Santo Antônio do Descoberto,Goiás,Chrome,Email,/cart,cart
475954,36289,eabe1195-e329-4053-a02d-ee71ccb80357,81.99.66.225,Águas Lindas de Goiás,Goiás,Chrome Mobile,Adwords,/cart,cart
475948,36289,eabe1195-e329-4053-a02d-ee71ccb80357,81.99.66.225,Águas Lindas de Goiás,Goiás,Chrome,Adwords,/cart,cart
1134634,86764,38cfe993-f087-46a2-9e41-df0e46ff3dd3,85.93.196.85,Wenzhou,Gansu province,Safari,Email,/cart,cart
1134608,86764,7f9ee89f-f008-4db6-959c-8a5abeede80b,107.167.97.108,Wenzhou,Gansu province,IE,Email,/cart,cart
1134614,86764,7f9ee89f-f008-4db6-959c-8a5abeede80b,107.167.97.108,Wenzhou,Gansu province,IE,Email,/cart,cart
75433,5796,8974de4b-7bfa-47f5-a4b3-bd3803405a6c,177.26.18.132,Jersey City,New Jersey,Chrome Mobile,Adwords,/cart,cart
518110,39582,ec615395-c5da-4163-8931-801e4d6d83a2,120.99.70.171,呉 市,Hiroshima,Chrome,Email,/cart,cart
942619,72195,49b02df4-bbc0-42d6-81ae-79c42312f4b4,31.113.46.139,Goiânia,Goiás,Firefox,Adwords,/cart,cart
871715,66952,d78f07f5-e09f-4d79-b7ec-298e513fc649,7.170.43.55,Zhanjiang,Hebei,Chrome,Email,/cart,cart
679335,52022,5d1b8744-c0b5-46a6-b423-8500a089a72c,216.100.190.220,Wenzhou,Hebei,Chrome,YouTube,/cart,cart
477301,36402,656833b0-dafd-4136-8025-b2c71af5e7e2,132.86.21.182,Porangatu,Goiás,Chrome,Email,/cart,cart
257841,19710,a549fcff-d1a8-489d-ba0a-c39083b3573b,67.123.134.187,League City,Texas,Chrome Mobile,Email,/cart,cart
1015339,77791,e902c867-9846-45f3-b6f3-1221d9210cf4,52.192.59.68,San Antonio,Texas,Safari,Adwords,/cart,cart
321897,24544,037b2b17-b9df-4800-a5a8-101d4cb096dd,7.43.171.25,Sinop,Mato Grosso,Chrome,Facebook,/cart,cart
1285014,98160,fbf5d0e3-3202-45d2-819f-a6718463d78c,151.200.119.22,Garfield,Texas,Chrome,Adwords,/cart,cart
372372,28290,4b9df554-3cb7-420f-9163-791e3d2584f0,72.124.9.153,Round Rock,Texas,Safari Mobile,YouTube,/cart,cart
411848,31376,fde1dcc0-15a6-4a80-b1bf-93b39a244e03,203.4.132.157,Pohang City,Gyeongsangbuk-do,Firefox,Adwords,/cart,cart
312401,23831,d24e800f-a081-4b91-b9bc-c41148668ad2,66.218.175.173,Fürstenfeldbruck,Bayern,Chrome,YouTube,/cart,cart
312427,23831,f3333f38-7807-4277-85cd-df8368137537,104.104.61.118,Fürstenfeldbruck,Bayern,Firefox,YouTube,/cart,cart
439587,33558,75e919a1-c313-48ea-b943-754e0823ef7b,108.253.233.2,Weifang,Xinjiang Uygur Autonomous Region,Firefox,YouTube,/cart,cart
439577,33558,9e61a728-b2fb-4d7c-ba43-f10c3976bbdf,216.5.160.164,Weifang,Xinjiang Uygur Autonomous Region,Chrome Mobile,Adwords,/cart,cart
831588,63977,e7b463df-1155-4550-aca9-ac39e121673b,141.122.166.94,Weifang,Xinjiang Uygur Autonomous Region,Firefox,Adwords,/cart,cart
54582,4176,6b06092c-5f8f-4104-a373-a54aac402de9,21.44.51.58,Colombo,Paraná,Chrome,YouTube,/cart,cart
54579,4176,6b06092c-5f8f-4104-a373-a54aac402de9,21.44.51.58,Colombo,Paraná,Chrome Mobile,YouTube,/cart,cart
518971,39647,87f0ec9c-de5f-46f7-9cc0-708fcd6a0d68,176.215.229.243,Boise,Idaho,Chrome,Adwords,/cart,cart
468271,35712,3c56f4c8-4caf-4380-9feb-03c5a6fb9dca,187.23.89.27,Middelkerke,Flanders,Other,Email,/cart,cart
1167124,89186,e7992bf5-ba2f-4667-b930-5b4bb18aa4ca,31.107.193.166,Ingolstadt,Bayern,Firefox,Email,/cart,cart
1167114,89186,c0e0d811-c415-4c88-a73b-885a3a470c97,5.196.26.172,Ingolstadt,Bayern,Safari,Email,/cart,cart
913481,70118,4158608b-4d74-4508-a9ee-94e5a6fff88a,1.68.173.168,Mesa,Arizona,Chrome,Adwords,/cart,cart
745972,57260,8dde42af-765f-4739-bc75-b1ed67262147,207.217.202.116,Überlingen,Baden-Württemberg,Chrome,Email,/cart,cart
1211630,92610,c8b89333-6484-46c4-a02d-564a4444c8b7,65.221.115.255,La Habra,California,Firefox Mobile,Email,/cart,cart
661968,50697,2501296a-e00c-4b8f-b1ac-9b0cfb42ea36,21.72.125.7,Arcadia,California,Chrome,Email,/cart,cart
1075398,82344,082848d0-55d3-435d-a38e-5bb5f2664ea6,55.138.249.95,San Diego,California,Safari,Email,/cart,cart
1075392,82344,082848d0-55d3-435d-a38e-5bb5f2664ea6,55.138.249.95,San Diego,California,Safari,Email,/cart,cart
283862,21683,67ea4f73-8e2c-4d6c-94c1-8484918d980f,197.241.73.196,Clamart,Île-de-France,Safari,YouTube,/cart,cart
386345,29386,13b46438-f598-4ac9-acfa-28239a70df93,100.2.172.43,Laguna Niguel,California,Chrome,Facebook,/cart,cart
386340,29386,714d36c7-03b8-4a63-8f2d-ef47fb892003,54.73.171.210,Laguna Niguel,California,Safari,Email,/cart,cart
15372,1116,5f69ff0f-9598-46ec-a883-5654f6d45e40,9.209.229.22,Mission Viejo,California,Chrome,Email,/cart,cart
15369,1116,5f69ff0f-9598-46ec-a883-5654f6d45e40,9.209.229.22,Mission Viejo,California,Chrome,Email,/cart,cart
693584,53135,f5f0cf3b-7e5b-4c05-b246-ec0c05062c6a,40.136.53.156,Orange,California,Other,Adwords,/cart,cart
35286,2673,bdf82360-8240-4275-a650-da9cdc63fc97,221.220.87.178,Santa Paula,California,Firefox,Adwords,/cart,cart
27731,2088,f726989c-3917-4255-9e7c-df9651c35473,204.49.229.114,Goleta,California,Firefox,Email,/cart,cart
27744,2088,5f319fbb-8956-4255-a595-da018a632c47,148.141.194.75,Goleta,California,Safari,Email,/cart,cart
412254,31406,b2996ec4-1fd2-41fe-9e7c-e42ddc8d7aa5,27.192.226.120,Romainville,Île-de-France,Firefox,Adwords,/cart,cart
282459,21563,d24b430f-fd3b-423f-8630-0b2af671fed8,48.58.150.132,Bear Valley Springs,California,Other Mobile,YouTube,/cart,cart
282445,21563,f4b6a7a5-ff50-476b-9d50-f08f9425ca76,178.35.113.105,Bear Valley Springs,California,Chrome,Email,/cart,cart
449433,34302,6fc820e8-0530-4b7b-b2d4-4d9041e4231e,88.203.19.26,San Francisco,California,Chrome Mobile,Adwords,/cart,cart
449436,34302,6fc820e8-0530-4b7b-b2d4-4d9041e4231e,88.203.19.26,San Francisco,California,Chrome,Adwords,/cart,cart
1172623,89593,c0d6693a-a190-4083-b1cf-6b7f53ec052a,110.134.165.150,Argenteuil,Île-de-France,Chrome,Email,/cart,cart
595339,45636,8964045c-1ef8-41c3-9ab0-3217f9c19434,173.122.183.61,Occidental,California,Chrome Mobile,Adwords,/cart,cart
1227899,93841,d07465d9-b7b3-449f-96d2-9abbf209431c,87.78.54.175,Eaubonne,Île-de-France,Firefox,Adwords,/cart,cart
1227850,93841,0fb047da-4140-4a1d-a183-653a9a4b9a2c,111.66.16.19,Eaubonne,Île-de-France,Chrome Mobile,Adwords,/cart,cart
109445,8396,b8f52676-5400-49d4-86b7-164322217639,44.139.172.4,Gramado,Rio Grande do Sul,Chrome Mobile,Email,/cart,cart
400244,30506,cd6f9393-3877-4440-95df-ba975e73e193,211.74.22.231,Honolulu,Hawaii,Firefox,Email,/cart,cart
1037530,79538,0de007aa-079a-45f7-b81c-27889b5413ac,213.57.104.238,Springfield,Oregon,Chrome,Email,/cart,cart
649087,49694,80564149-fed2-4d55-a59b-4e16c11eeba8,108.144.104.212,Downpatrick,Northern Ireland,Firefox Mobile,Email,/cart,cart
649129,49694,22f206c1-b25c-477f-ae01-609cd0d75779,73.70.99.10,Downpatrick,Northern Ireland,Safari,Adwords,/cart,cart
700647,53656,29f3cd53-8c28-4c82-98bf-7022b45e7fac,91.166.16.35,Royal Leamington Spa,England,Safari,Email,/cart,cart
863267,66300,bee455d5-d0eb-4c8d-bb86-6733eca0f9a5,45.94.52.178,Newcastle upon Tyne,England,Firefox Mobile,Email,/cart,cart
811169,62380,8b5d4a32-be8e-4c70-a69f-0cb08784f4bd,117.245.216.85,Sutton-in-Ashfield,England,Chrome,Email,/cart,cart
1111024,85065,5bafdd59-4b87-4878-8e56-ac4f34fc0662,141.56.198.246,Launton,England,Chrome Mobile,Email,/cart,cart
579869,44429,3ddf97e5-74f7-42d6-8635-32bad25f617c,43.107.88.206,Godmanchester,England,Chrome Mobile,YouTube,/cart,cart
579860,44429,3ddf97e5-74f7-42d6-8635-32bad25f617c,43.107.88.206,Godmanchester,England,Chrome,YouTube,/cart,cart
579834,44429,87fe6f4d-cd21-4f68-9014-121e68e6d54b,16.112.81.19,Godmanchester,England,Chrome,Email,/cart,cart
579847,44429,4e4d5e56-1a88-4a2f-b9ff-09fdfcd3b1c8,137.37.139.89,Godmanchester,England,Other,Email,/cart,cart
941094,72072,e1de5b3d-485d-4292-941c-611af615fdb1,219.165.85.190,Hambledon,England,Safari,Adwords,/cart,cart
187713,14288,a1d73bf5-bb15-407a-8f66-f2f0107b1827,146.40.253.53,Weston,England,Chrome,Facebook,/cart,cart
140034,10643,b0c27290-6393-4043-b3a8-09b7ffd5d8d0,180.3.70.136,São Paulo,São Paulo,Firefox,Email,/department/men/category/underwear/brand/emporioarmani,department
140041,10643,6e0daca4-a622-43ea-94aa-ac77e5520dbf,173.58.126.138,São Paulo,São Paulo,Firefox,Email,/department/men/category/jeans/brand/lee,department
870763,66865,d3753a41-1f5f-4e4b-b388-c76602644e13,115.153.125.21,Caieiras,São Paulo,Firefox,Email,/department/men/category/suits&sportcoats/brand/tommyhilfiger,department
870741,66865,5f4f29ec-7aeb-4020-b5c3-06265b410661,36.6.247.40,Caieiras,São Paulo,IE Mobile,Email,/department/men/category/swim/brand/o'neill,department
870767,66865,2f81ddce-aeef-42ef-969c-48749c8e9db2,151.65.83.114,Caieiras,São Paulo,Safari,Adwords,/department/men/category/active/brand/champion,department
1018012,77998,86062b46-f1a2-4c30-9add-0dc24bfdc0a9,48.156.119.5,NanNing,Beijing,Firefox Mobile,Email,/department/women/category/sleep&lounge/brand/tommyhilfiger,department
1231014,94051,51eaac3b-6535-4c25-8cc7-7d97093f7252,20.226.135.163,Shanghai,Beijing,Chrome Mobile,Email,/department/women/category/intimates/brand/flexees,department
1231020,94051,51eaac3b-6535-4c25-8cc7-7d97093f7252,20.226.135.163,Shanghai,Beijing,Chrome,Email,/department/women/category/intimates/brand/flexees,department
286342,21879,e9f1343c-b15f-414c-822e-7682ed5e80af,104.225.37.254,Beijing,Beijing,Chrome,Facebook,/department/women/category/swim/brand/corona,department
1306581,99890,c6a17035-66b9-4a9b-9125-84136f3a6a8f,89.55.100.250,New York,New York,Chrome,Adwords,/department/women/category/outerwear&coats/brand/oakley,department
1112419,85165,4387f6d4-3e18-4207-b251-04327b37e651,17.242.251.152,New York,New York,Other,Organic,/department/men/category/jeans/brand/wrangler,department
1047931,80312,d8067aa9-dd28-46c4-8e12-bfa693f5cb87,210.174.147.126,Putian,Liaoning,Firefox Mobile,Email,/department/men/category/pants/brand/ballin,department
541777,41343,4357588b-b299-41d5-a704-d712f48479a6,10.36.21.92,Centereach,New York,Chrome Mobile,YouTube,/department/women/category/pants&capris/brand/jonesnewyork,department
969425,74264,99b41304-d9ad-4f56-aa62-50963115d70b,131.195.243.19,Seoul,Seoul,Chrome Mobile,Email,/department/men/category/sweaters/brand/michaelkors,department
953870,73047,484f2b0f-0faa-4813-99f3-8c6adbe2ebb4,74.158.148.202,Dongguan,Liaoning,Chrome,Email,/department/men/category/sweaters/brand/skedouche,department
